{"I5/qovypnXngiT1OyYOOIg==":"1-696x522.png","RP3rIXwnmEWfRwrcAckaSg==":"2-696x522.png","2BJu2cKL/oVYxmLA3jlosw==":"3-696x522.png","sV207En2Bok/79TsA33B/Q==":"4-696x522.png","B23Aw+KEuLk90kmRwtT12w==":"5-696x522.png","EklotqqAeSsKXXrmlTWvRQ==":"6-696x522.png","r6S5flRgwyT9fSp1jaAIBg==":"7-696x522.png","rmH8bZADIdgx3HN1sINTjw==":"8-696x522.png","6x5goeNTITR8huZZpisCYQ==":"8-1-696x522.png","FZ52FBgOCIDLiIDYGAm13g==":"9-696x522.png","NCyK+zTmWMc9knd5M/j8Pw==":"7-1-696x522.png","12sedhPxqz+g436ffY0nng==":"techm4.png","/5TxP6rB5Xsj6wML99MSww==":"logo2-1.png","GmX25Jw8tfu4fr2TZVH5rw==":"background1-1.jpg","qATHQ7swp3TV1YXbFpgSxA==":"08.jpg","UBQYwge3FPWfJUYi07m/Mw==":"mbr.jpg","GgJrpMRkgu6ea5FsA+vmjQ==":"mbr-1.jpg","WcwLw/t+iB4klgfDiUHBvA==":"mbr-2.jpg","5UHgklSlgTPgXSIoS9+8FQ==":"mbr-3.jpg","3bwyeuC3jd1ZaEl7q3jIYQ==":"mbr-4.jpg","MIPF5xvMFYLxxSgqA/8GOQ==":"mbr-5.jpg","uinTo77IAvXIlnwgbD45GA==":"mbr-6.jpg","oaTwKxL9+1ov5r6TBC18mA==":"mbr-7.jpg","m17kIhdqpZRii4XtC1vV2Q==":"mbr-8.jpg","VtvojcuUhaSF21haa1qtOg==":"mbr-9.jpg","2cysnczI3oEjD9JxcHKv+w==":"mbr-10.jpg","JmaidkUTLEdfLJPsC/YfUg==":"mbr-11.jpg","tUd3BnyUvjT72VCzQZfExw==":"mbr-12.jpg","BwgIubhY8jhCEXfYQBveNw==":"mbr-13.jpg","iMKtSivs2uMsOYw07rM6/w==":"mbr-14.jpg","mfQwuqdtguhyLygpI8gU5A==":"mbr-15.jpg","Kk4kFOo6Kbt7vh5l7DwibQ==":"mbr-16.jpg","WH//JfuvQ267FySiy00q8A==":"mbr-17.jpg","kT6TnPWi8k079nlQ4AvhKQ==":"mbr-18.jpg","z3sJZCrHxTKALMEFHvd+GQ==":"mbr-19.jpg","LhCt9A/iWO6OnMAQdvcwEg==":"111.png","GN8FHqiCuS9q4dOlCjrr5Q==":"222.png","ImrqI7WDRGY7NyNT7HY2hw==":"333.png","f1BC7OAIMVhVbxBzbo0lYQ==":"mbr-20.jpg","HKDvJoD91d83VjxWfYkZBA==":"mbr-21.jpg","HiSNEhpKQuYi1fSTfbzX+w==":"techm4.jpg","Aib6tjdPZLEUePdXcd5o2g==":"mbr.jpg","zbnDQ5dKk/BOIKFhtNMKnA==":"mbr-1.jpg","xn4O2PLlYs0g5PY40KmNog==":"mbr-2.jpg","RHtvaKWhJYIDeKdN9bN8ag==":"mbr-4.jpg","NhX200O4ZA7WChiAlIkYwA==":"mbr-5.jpg","NyWc37tsYt0am9hOKjxb7Q==":"mbr-8.jpg","s/uOwzqDZJZYujjYJQzIsQ==":"mbr-9.jpg","SE5ZnvmAxt/LaDy6jCRhnQ==":"mbr-10.jpg","1LgpnCd0phBgCpKkf8eVXA==":"111.jpg","tUVLb6jWv41aUkFHtV9rlQ==":"222.jpg","NgU1DatUAMHJrQmDEpDVPw==":"333.jpg","ns0C3hn5xoypB9vuKMKNPA==":"222-1.jpg","eIRf+XWrAVv9A8H3nlPfXw==":"mockup-1368x1136.png","P7hSMtuSm/P06uNjPb19Rg==":"mockup.webp","b8YNcgYxXWOE44GxaR2WOg==":"mockup-1-1368x1136.png","Zei/W6YTl3nRLXr4vX9vvA==":"mockup-2-1368x1136.png","5LbG/VJWCDuxqDcnFXtoiw==":"mockup-1.webp","2qrI3Jmtm34PXW0IP5m7Dg==":"banner%20bike%20no%20vale%20feed%2001-1080x1080.jpg","BtpZwhCT3QTQ8UK43oXiqg==":"banner%20dia%20das%20m%C3%A3es%20novo%20feed%2001-1080x1080.jpg","qIEOkeYzLHpPp8zi8rU0Yg==":"feed%20b%20-%20combo%2003-1080x1080.png","8JBeHUzQDHsngkJkuIisAw==":"banner%20feed%2006-1080x1080.jpg","8ch1JiGQmELSB4iqIJY8VQ==":"banner%20individual%20pizza1%20feed-1080x1080.jpg","omvcK9svyoOhFdYjdVnwyA==":"banner%20novo%20reference%20ital%C3%ADnea%20feed%2001-1080x1080.jpg","xNLvq7X2FglkmxwcJAonAQ==":"banner%20novo%20reference%20ital%C3%ADnea%20feed%2002-1080x1080.jpg","aWezjZYjoEVrVC4JNF6mPQ==":"banner%20objetivo%20eventos%20feed%2009-1080x1080.jpg","3/1Nb97bzqRbkjlC59jDKw==":"mbr-972x648.jpg","4vXVn+o4vTsdKoKa0nwPdw==":"mbr-972x649.jpg","RzABZlPrgfaUYF2oO5LtRw==":"mbr-972x678.jpg","yLcX2SjuKIzg9RQLMnHLsQ==":"prevencao-1-64x64.png","thAl81w8r8kHIi40OTXNeA==":"prevencao-64x64.png","oTlktYST3dF5/SjZfdIoXw==":"mbr-128x85.jpg","HvIYiksdGYSC38LpPBBilQ==":"mbr-1-128x85.jpg","4/YNGm491uRp1vCO0I1rrA==":"mbr-600x400.jpg","3EeKd3bPCfWeqPJjWvtQlQ==":"mbr-1-600x400.jpg","sgrQsTMb83UFeMJfzxs1vQ==":"mbr-600x408.jpg","xbswVGlK21OZ9rdgbKQTmA==":"eden%20west-696x464.png","LQxBJaLjxZ4vUtF5p3NNyw==":"maison%20perdizes-696x464.png","/nonnzcF6OKztlYjlXKK+A==":"thera%20ibirapuera-696x464.png","yb0JViz1K/HyrZ4zyWqI/A==":"living%20blend-696x464.png","P4fg0CjN5yXjkJCT6X+Ilg==":"living%20alto%20do%20ipiranga-696x464.png","rdwrUvPibjTr6HW+gE/OhQ==":"living%20heredita-696x464.png","15YuooDsofwZrObnYtQiwg==":"forte%20group-696x464.png","oNlVM4CK3N8rUfKuqx05Bw==":"farben%20grafica-696x464.png","My49rRHDQtc0STJOZjdrSQ==":"as%20juridica-696x464.png","YL4VmDk33+YHMSoBHQNGZw==":"mbr-1920x1280.jpg"}